{"cameraMode":{"drawMode":0,"name":"Shaded","section":"Shading Mode"},"sceneLighting":true,"audioPlay":false,"sceneViewState":{"m_AlwaysRefresh":false,"showFog":true,"showSkybox":true,"showFlares":true,"showImageEffects":true,"showParticleSystems":true,"showVisualEffectGraphs":true,"m_FxEnabled":true},"in2DMode":false,"pivot":{"x":6.174549102783203,"y":-9.09730339050293,"z":10.036312103271485},"rotation":{"x":-0.4752524793148041,"y":0.013724066317081452,"z":-0.007411072496324778,"w":-0.8797253370285034},"size":19.500446319580079,"orthographic":false}