{"cameraMode":{"drawMode":0,"name":"Shaded","section":"Shading Mode"},"sceneLighting":true,"audioPlay":false,"sceneViewState":{"m_AlwaysRefresh":false,"showFog":true,"showSkybox":true,"showFlares":true,"showImageEffects":true,"showParticleSystems":true,"showVisualEffectGraphs":true,"m_FxEnabled":true},"in2DMode":false,"pivot":{"x":0.5039777159690857,"y":11.131043434143067,"z":-0.8503482937812805},"rotation":{"x":0.5292888879776001,"y":-0.14574956893920899,"z":0.09286631643772125,"w":0.8306732773780823},"size":1.001431941986084,"orthographic":false}